City_ID,City,Country,Date,Lat,Lng,Max Temp,Humidity,Cloudiness,Wind Speed
0,Presidente Medici,BR,2022-05-06 05:16:19,-11.1753,-61.9014,68.92,92,12,2.68
1,Ugoofaaru,MV,2022-05-06 05:16:20,5.6667,73.0,85.1,73,100,16.91
2,Whitehorse,CA,2022-05-06 05:15:15,60.7161,-135.0538,41.77,45,75,3.44
3,Georgetown,MY,2022-05-06 05:11:22,5.4112,100.3354,89.53,66,20,6.91
4,Tasiilaq,GL,2022-05-06 05:16:21,65.6145,-37.6368,21.36,70,11,6.82
5,Rikitea,PF,2022-05-06 05:16:21,-23.1203,-134.9692,77.65,86,66,16.64
6,Busselton,AU,2022-05-06 05:16:22,-33.65,115.3333,66.22,42,0,11.41
7,Atuona,PF,2022-05-06 05:16:22,-9.8,-139.0333,79.09,76,72,15.37
8,Ulaanbaatar,MN,2022-05-06 05:12:38,47.9077,106.8832,51.93,19,20,4.47
9,Mataura,NZ,2022-05-06 05:16:23,-46.1927,168.8643,62.47,84,100,1.95
10,Castro,BR,2022-05-06 05:16:24,-24.7911,-50.0119,52.59,96,4,2.24
11,Yellowknife,CA,2022-05-06 05:15:18,62.456,-114.3525,46.92,57,75,2.3
12,Rusera,IN,2022-05-06 05:16:24,25.75,86.0333,96.06,33,7,6.44
13,Carutapera,BR,2022-05-06 05:16:25,-1.195,-46.02,74.64,94,73,4.29
14,Vestmannaeyjar,IS,2022-05-06 05:16:25,63.4427,-20.2734,38.77,72,35,19.84
15,Albany,US,2022-05-06 05:15:06,42.6001,-73.9662,53.46,61,100,3.36
16,Sovetskiy,RU,2022-05-06 05:16:26,61.3614,63.5842,35.28,57,100,13.56
17,Sydney,AU,2022-05-06 05:13:35,-33.8679,151.2073,69.89,39,0,9.22
18,Xiongzhou,CN,2022-05-06 05:16:27,25.1167,114.3,88.23,45,91,3.85
19,Valparaiso,CL,2022-05-06 05:14:48,-33.0393,-71.6273,56.48,84,100,3.44
20,Ushuaia,AR,2022-05-06 05:16:27,-54.8,-68.3,37.29,83,90,8.68
21,Nikolskoye,RU,2022-05-06 05:16:28,59.7035,30.7861,49.91,61,87,7.56
22,Dikson,RU,2022-05-06 05:16:29,73.5069,80.5464,16.27,90,100,23.8
23,Namanga,KE,2022-05-06 05:16:29,-2.5433,36.7905,65.3,81,50,6.62
24,Vardo,NO,2022-05-06 05:16:30,70.3705,31.1107,35.82,96,100,12.35
25,Victoria,HK,2022-05-06 05:16:30,22.2855,114.1577,82.45,95,12,10.96
26,Hilo,US,2022-05-06 05:11:49,19.7297,-155.09,80.28,96,100,4.61
27,Kapaa,US,2022-05-06 05:16:31,22.0752,-159.319,78.78,86,100,16.11
28,Ilulissat,GL,2022-05-06 05:12:33,69.2167,-51.1,14.02,62,2,0.0
29,Cidreira,BR,2022-05-06 05:16:32,-30.1811,-50.2056,63.36,67,74,3.38
30,Norman Wells,CA,2022-05-06 05:16:32,65.282,-126.8329,35.64,69,75,9.22
31,Chokurdakh,RU,2022-05-06 05:16:33,70.6333,147.9167,28.81,88,100,10.13
32,Barcelos,PT,2022-05-06 05:16:33,41.5388,-8.6151,57.85,79,13,3.49
33,Khatanga,RU,2022-05-06 05:16:34,71.9667,102.5,21.24,83,69,18.97
34,Carnarvon,AU,2022-05-06 05:16:34,-24.8667,113.6333,84.27,30,0,11.5
35,Roald,NO,2022-05-06 05:16:35,62.5833,6.1333,52.72,71,75,14.97
36,Visby,SE,2022-05-06 05:16:35,57.6409,18.296,50.22,76,40,6.91
37,Mogadishu,SO,2022-05-06 05:08:08,2.0371,45.3438,82.72,77,64,13.76
38,Qaanaaq,GL,2022-05-06 05:16:36,77.484,-69.3632,11.8,77,53,8.61
39,Barrow,US,2022-05-06 05:15:02,71.2906,-156.7887,17.62,86,100,17.27
40,Boende,CD,2022-05-06 05:16:37,-0.2167,20.8667,70.02,99,96,1.34
41,Kruisfontein,ZA,2022-05-06 05:06:46,-34.0033,24.7314,57.27,93,10,8.77
42,Avarua,CK,2022-05-06 05:16:37,-21.2078,-159.775,77.05,88,40,1.14
43,Nhulunbuy,AU,2022-05-06 05:16:38,-12.2333,136.7667,84.81,65,75,21.85
44,Along,IN,2022-05-06 05:16:38,28.1667,94.7667,88.9,44,5,2.06
45,Ribeira Grande,PT,2022-05-06 05:08:08,38.5167,-28.7,62.83,91,100,28.81
46,Bilibino,RU,2022-05-06 05:17:39,68.0546,166.4372,34.02,91,100,2.86
47,Puerto Ayora,EC,2022-05-06 05:17:39,-0.7393,-90.3518,72.79,94,100,6.29
48,Geraldton,AU,2022-05-06 05:17:40,-28.7667,114.6,79.21,24,0,10.36
49,Lebu,CL,2022-05-06 05:17:40,-37.6167,-73.65,51.04,87,0,5.14
50,East London,ZA,2022-05-06 05:17:41,-33.0153,27.9116,63.54,59,0,3.44
51,Tadine,NC,2022-05-06 05:17:41,-21.55,167.8833,76.75,76,19,17.11
52,Hailun,CN,2022-05-06 05:17:42,47.45,126.9333,46.67,72,98,10.07
53,Srednekolymsk,RU,2022-05-06 05:17:42,67.45,153.6833,33.58,100,100,4.18
54,Rincon,US,2022-05-06 05:17:43,32.296,-81.2354,77.86,83,40,8.05
55,Hobart,AU,2022-05-06 05:13:07,-42.8794,147.3294,57.06,75,40,11.5
56,Coquimbo,CL,2022-05-06 05:09:15,-29.9533,-71.3436,58.01,86,100,2.37
57,Mizdah,LY,2022-05-06 05:17:44,31.4451,12.9801,69.98,24,99,11.16
58,Acandi,CO,2022-05-06 05:17:44,8.5063,-77.2778,74.25,90,100,3.31
59,Arraial Do Cabo,BR,2022-05-06 05:13:14,-22.9661,-42.0278,73.62,80,0,22.57
60,Esperance,AU,2022-05-06 05:17:45,-33.8667,121.9,65.23,47,15,7.05
61,Cayenne,GF,2022-05-06 05:14:21,4.9333,-52.3333,78.1,1,100,3.44
62,Cape Town,ZA,2022-05-06 05:16:10,-33.9258,18.4232,58.75,93,20,6.91
63,Punta Arenas,CL,2022-05-06 05:17:46,-53.15,-70.9167,39.11,80,28,20.18
64,Sortavala,RU,2022-05-06 05:17:46,61.7053,30.6918,43.45,69,99,8.59
65,Dingle,PH,2022-05-06 05:17:47,10.9995,122.6711,91.0,54,90,12.71
66,Riyadh,SA,2022-05-06 05:17:47,24.6877,46.7219,91.54,15,60,10.89
67,New Norfolk,AU,2022-05-06 05:17:48,-42.7826,147.0587,56.7,89,96,3.27
68,San Quintin,MX,2022-05-06 05:15:55,30.4833,-115.95,60.48,90,13,9.98
69,Nome,US,2022-05-06 05:10:46,64.5011,-165.4064,40.15,80,0,5.75
70,Tuatapere,NZ,2022-05-06 05:17:48,-46.1333,167.6833,60.26,79,99,3.15
71,Xuanwu,CN,2022-05-06 05:17:49,32.069,118.8138,85.95,34,0,4.52
72,Lodja,CD,2022-05-06 05:17:49,-3.4833,23.4333,70.65,86,70,1.45
73,Olafsvik,IS,2022-05-06 05:17:50,64.8945,-23.7142,34.93,63,31,11.27
74,Egvekinot,RU,2022-05-06 05:17:50,66.3167,-179.1667,20.71,92,86,2.77
75,Kurskaya,RU,2022-05-06 05:17:51,44.05,44.45,51.51,97,100,8.08
76,Bambous Virieux,MU,2022-05-06 05:17:51,-20.3428,57.7575,79.05,78,75,17.27
77,Lazaro Cardenas,MX,2022-05-06 05:15:13,17.9583,-102.2,75.56,83,47,3.76
78,Saint Anthony,US,2022-05-06 05:17:52,45.0205,-93.218,54.21,69,0,1.01
79,Port Alfred,ZA,2022-05-06 05:17:53,-33.5906,26.891,62.19,90,0,3.0
80,Aykhal,RU,2022-05-06 05:17:53,66.0,111.5,34.79,100,100,22.1
81,Zhangye,CN,2022-05-06 05:17:54,38.9342,100.4517,76.59,20,82,5.77
82,Sao Joao Da Barra,BR,2022-05-06 05:17:54,-21.6403,-41.0511,71.01,84,7,10.13
83,Comacchio,IT,2022-05-06 05:13:29,44.6975,12.1858,59.0,92,100,20.4
84,Upernavik,GL,2022-05-06 05:17:55,72.7868,-56.1549,0.25,87,63,4.25
85,Souillac,MU,2022-05-06 05:17:55,-20.5167,57.5167,79.18,78,75,17.27
86,Cabo San Lucas,MX,2022-05-06 05:15:30,22.8909,-109.9124,72.61,71,0,10.42
87,Aasiaat,GL,2022-05-06 05:17:56,68.7098,-52.8699,6.06,99,48,5.17
88,Ngaoundere,CM,2022-05-06 05:17:56,7.3167,13.5833,63.91,92,100,3.74
89,Narsaq,GL,2022-05-06 05:17:57,60.9167,-46.05,35.82,96,100,11.27
90,Tam Ky,VN,2022-05-06 05:17:57,15.5667,108.4833,81.66,83,74,7.58
91,Tuktoyaktuk,CA,2022-05-06 05:17:58,69.4541,-133.0374,26.6,93,100,16.11
92,Saint-Pierre,RE,2022-05-06 05:15:17,-21.3393,55.4781,80.28,69,12,27.63
93,Neryungri,RU,2022-05-06 05:18:58,56.6709,124.6491,35.1,57,99,12.39
94,Zeya,RU,2022-05-06 05:18:59,53.75,127.2667,49.03,25,68,14.2
95,Iqaluit,CA,2022-05-06 05:18:59,63.7506,-68.5145,11.93,79,40,18.41
96,Mareeba,AU,2022-05-06 05:19:00,-17.0,145.4333,82.44,66,97,6.15
97,Nikolayevsk-Na-Amure,RU,2022-05-06 05:19:00,53.1406,140.73,34.47,100,100,1.88
98,Tutoia,BR,2022-05-06 05:19:01,-2.7619,-42.2744,77.47,87,89,8.23
99,Mount Gambier,AU,2022-05-06 05:19:01,-37.8333,140.7667,54.05,79,96,9.82
100,Omboue,GA,2022-05-06 05:17:24,-1.5746,9.2618,75.74,95,100,3.85
101,Zyryanka,RU,2022-05-06 05:19:02,65.75,150.85,33.69,99,100,10.2
102,Kodiak,US,2022-05-06 05:18:32,57.79,-152.4072,44.11,81,100,10.36
103,Wanning,CN,2022-05-06 05:19:03,18.8003,110.3967,79.83,87,58,8.79
104,Kargil,IN,2022-05-06 05:19:03,34.5667,76.1,48.25,38,3,2.55
105,Kaitangata,NZ,2022-05-06 05:19:04,-46.2817,169.8464,58.64,76,100,2.42
106,Progreso,MX,2022-05-06 05:19:04,21.2833,-89.6667,83.1,72,21,12.17
107,Vilhena,BR,2022-05-06 05:19:05,-12.7406,-60.1458,64.38,77,4,2.73
108,Namibe,AO,2022-05-06 05:19:05,-15.1961,12.1522,76.57,52,0,0.18
109,Yar-Sale,RU,2022-05-06 05:19:06,66.8333,70.8333,23.86,86,90,12.84
110,Rocha,UY,2022-05-06 05:19:06,-34.4833,-54.3333,51.03,90,63,5.57
111,Iracoubo,GF,2022-05-06 05:19:07,5.4802,-53.2011,77.31,90,100,8.19
112,Oneida,US,2022-05-06 05:16:51,43.2001,-75.4663,49.73,82,0,0.0
113,Taoudenni,ML,2022-05-06 05:19:08,22.6783,-3.9836,85.32,12,62,7.2
114,Honningsvag,NO,2022-05-06 05:19:08,70.9821,25.9704,38.95,75,100,17.27
115,Bluff,NZ,2022-05-06 05:19:09,-46.6,168.3333,62.8,81,100,2.8
116,Kushima,JP,2022-05-06 05:19:09,31.4583,131.2333,70.95,79,100,10.54
117,Primo Tapia,MX,2022-05-06 05:19:10,32.22,-116.9172,67.87,68,4,7.94
118,Waitara,NZ,2022-05-06 05:17:13,-38.925,174.25,65.23,74,0,7.72
119,Vaini,TO,2022-05-06 05:19:10,-21.2,-175.2,77.16,88,40,5.75
120,Port Elizabeth,ZA,2022-05-06 05:16:13,-33.918,25.5701,62.31,93,20,14.97
121,Provideniya,RU,2022-05-06 05:19:11,64.3833,-173.3,32.36,80,0,2.24
122,Landeck,AT,2022-05-06 05:19:12,47.1301,10.5636,47.14,95,100,0.74
123,Ahuimanu,US,2022-05-06 05:19:12,21.4447,-157.8378,78.51,84,100,12.66
124,Clyde River,CA,2022-05-06 05:19:13,70.4692,-68.5914,3.43,85,0,3.44
125,San Juan,AR,2022-05-06 05:15:52,-31.5375,-68.5364,61.38,38,94,4.83
126,Tual,ID,2022-05-06 05:19:13,-5.6667,132.75,84.54,71,99,11.36
127,Brainerd,US,2022-05-06 05:19:14,46.358,-94.2008,55.42,35,0,3.44
128,Butaritari,KI,2022-05-06 05:19:15,3.0707,172.7902,81.59,72,51,17.22
129,Praia Da Vitoria,PT,2022-05-06 05:19:15,38.7333,-27.0667,63.75,88,75,21.25
130,Solnechnyy,RU,2022-05-06 05:19:16,50.7214,136.6319,36.46,97,100,3.15
131,Rock Sound,BS,2022-05-06 05:19:18,24.9,-76.2,77.13,73,0,5.66
132,Santa Rosa,PH,2022-05-06 05:19:19,14.3122,121.1114,94.98,62,15,13.38
133,Virginia Beach,US,2022-05-06 05:07:10,36.8529,-75.978,61.02,88,75,0.0
134,Aksu,CN,2022-05-06 05:19:20,41.1231,80.2644,84.87,15,47,3.0
135,Teya,RU,2022-05-06 05:10:43,60.3778,92.6267,53.83,48,52,3.78
136,Jamestown,US,2022-05-06 05:19:20,42.097,-79.2353,55.04,61,100,5.75
137,Waupun,US,2022-05-06 05:20:21,43.6333,-88.7296,48.7,67,93,6.55
138,Meulaboh,ID,2022-05-06 05:20:21,4.1363,96.1285,77.04,96,100,12.48
139,Flagstaff,US,2022-05-06 05:20:22,35.1981,-111.6513,56.12,25,0,3.44
140,Hualmay,PE,2022-05-06 05:20:22,-11.0964,-77.6139,63.91,90,23,7.74
141,Kahului,US,2022-05-06 05:19:08,20.8947,-156.47,75.22,81,40,26.46
142,West Des Moines,US,2022-05-06 05:17:09,41.572,-93.7453,53.74,87,100,8.05
143,Mormugao,IN,2022-05-06 05:20:24,15.4,73.8,87.06,66,20,13.8
144,Moissala,TD,2022-05-06 05:20:24,8.3404,17.7663,73.87,76,87,4.83
145,Los Llanos De Aridane,ES,2022-05-06 05:20:25,28.6585,-17.9182,60.55,81,20,9.22
146,Buchanan,LR,2022-05-06 05:20:25,5.8808,-10.0467,77.49,90,92,3.2
147,Saskylakh,RU,2022-05-06 05:20:26,71.9167,114.0833,30.2,97,100,5.21
148,Moundou,TD,2022-05-06 05:20:26,8.5667,16.0833,77.68,62,87,4.68
149,Fortuna,US,2022-05-06 05:20:27,40.5982,-124.1573,58.66,86,100,14.97
150,Zhumadian,CN,2022-05-06 05:20:27,32.9794,114.0294,89.22,33,0,9.1
151,Kerouane,GN,2022-05-06 05:18:14,9.2667,-9.0167,70.66,85,100,4.07
152,Saint George,US,2022-05-06 05:19:44,37.1041,-113.5841,75.94,20,0,8.99
153,Tomball,US,2022-05-06 05:15:41,30.0972,-95.6161,71.11,95,0,0.0
154,Nuuk,GL,2022-05-06 05:17:12,64.1835,-51.7216,29.01,64,100,13.8
155,Severo-Kurilsk,RU,2022-05-06 05:20:28,50.6789,156.125,37.44,81,59,5.08
156,Mae Hong Son,TH,2022-05-06 05:20:29,19.3003,97.9685,86.14,66,40,4.61
157,Zhanakorgan,KZ,2022-05-06 05:20:29,43.9098,67.2495,82.0,27,4,3.0
158,Letnik,RU,2022-05-06 05:20:30,46.011,41.2657,45.86,86,100,14.23
159,Hasaki,JP,2022-05-06 05:20:30,35.7333,140.8333,77.29,71,100,10.58
160,Nanortalik,GL,2022-05-06 05:20:31,60.1432,-45.2371,34.29,97,100,14.34
161,Lensk,RU,2022-05-06 05:20:31,60.7253,114.9278,48.34,65,100,13.38
162,Belaya Gora,RU,2022-05-06 05:20:32,68.5333,146.4167,31.73,99,100,8.23
163,Gedo,ET,2022-05-06 05:20:32,9.0167,37.45,62.91,36,30,1.28
164,Bredasdorp,ZA,2022-05-06 05:20:33,-34.5322,20.0403,55.83,93,37,5.91
165,Pentecoste,BR,2022-05-06 05:20:33,-3.7928,-39.2703,73.38,91,93,2.93
166,Gusau,NG,2022-05-06 05:20:34,12.1628,6.6614,81.1,55,100,8.08
167,Hokitika,NZ,2022-05-06 05:20:34,-42.7167,170.9667,59.23,87,61,3.2
168,Comodoro Rivadavia,AR,2022-05-06 05:19:32,-45.8667,-67.5,53.46,40,0,26.46
169,Tolaga Bay,NZ,2022-05-06 05:20:35,-38.3667,178.3,58.69,76,18,2.3
170,Korem,ET,2022-05-06 05:20:35,12.5058,39.5228,63.91,32,19,4.61
171,Sao Jose Da Coroa Grande,BR,2022-05-06 05:10:49,-8.8978,-35.1478,77.95,82,100,8.28
172,Prince Rupert,CA,2022-05-06 05:17:34,54.3161,-130.3201,44.29,80,0,9.22
173,Kitoy,RU,2022-05-06 05:20:36,52.6,103.9,59.88,26,96,16.11
174,Saint-Philippe,RE,2022-05-06 05:20:37,-21.3585,55.7679,80.19,83,68,16.71
175,Matagalpa,NI,2022-05-06 05:20:37,12.9256,-85.9175,69.58,93,44,3.98
176,Baker City,US,2022-05-06 05:20:17,44.7749,-117.8344,51.51,66,0,0.0
177,Sanandaj,IR,2022-05-06 05:20:38,35.3144,46.9923,59.02,48,0,0.0
178,Pevek,RU,2022-05-06 05:20:38,69.7008,170.3133,29.97,87,92,4.65
179,Hermanus,ZA,2022-05-06 05:20:37,-34.4187,19.2345,58.26,86,72,7.67
180,Golden,US,2022-05-06 05:20:39,39.7555,-105.2211,57.67,48,0,5.75
181,Cherskiy,RU,2022-05-06 05:20:39,68.75,161.3,35.46,99,100,8.72
182,San Policarpo,PH,2022-05-06 05:20:40,12.1791,125.5072,84.78,72,67,10.2
183,Conceicao Do Araguaia,BR,2022-05-06 05:21:40,-8.2578,-49.2647,72.23,94,16,1.81
184,Lagoa,PT,2022-05-06 05:21:41,39.05,-27.9833,62.01,87,100,30.27
185,Ocean City,US,2022-05-06 05:21:41,39.2776,-74.5746,55.02,86,100,5.99
186,Rawson,AR,2022-05-06 05:20:53,-43.3002,-65.1023,57.67,62,50,7.47
187,Talnakh,RU,2022-05-06 05:21:42,69.4865,88.3972,18.21,84,99,15.73
188,Garissa,KE,2022-05-06 05:21:42,-0.4536,39.6401,79.52,71,80,18.41
189,Tayu,ID,2022-05-06 05:21:43,-6.5397,111.0518,88.79,61,38,7.11
190,Kupang,ID,2022-05-06 05:21:44,-10.1667,123.5833,88.18,58,16,9.24
191,Puerto Del Rosario,ES,2022-05-06 05:21:44,28.5004,-13.8627,64.15,72,0,9.22
192,Ketchikan,US,2022-05-06 05:21:45,55.3422,-131.6461,46.38,81,40,6.91
193,Liberty,US,2022-05-06 05:21:45,31.8335,-81.5004,77.27,43,0,3.44
194,Kalangala,UG,2022-05-06 05:21:45,-0.3089,32.225,69.15,77,93,10.18
195,Makakilo City,US,2022-05-06 05:21:46,21.3469,-158.0858,77.32,69,0,11.5
196,Kralendijk,BQ,2022-05-06 05:21:46,12.15,-68.2667,80.58,78,75,16.11
197,Kutum,SD,2022-05-06 05:21:47,14.2,24.6667,74.86,20,31,5.06
198,Calamar,CO,2022-05-06 05:21:47,10.2511,-74.9146,77.32,91,100,5.26
199,Sola,VU,2022-05-06 05:21:48,-13.8833,167.55,82.2,75,17,12.06
200,Darhan,MN,2022-05-06 05:21:48,49.4867,105.9228,53.55,22,43,6.62
201,Kirgiz-Miyaki,RU,2022-05-06 05:21:49,53.6324,54.7979,39.85,43,6,15.19
202,Broome,US,2022-05-06 05:21:49,42.2506,-75.833,52.81,66,0,6.91
203,Torbay,CA,2022-05-06 05:21:50,47.6666,-52.7314,40.28,96,100,6.91
204,Synya,RU,2022-05-06 05:21:50,65.3718,58.0387,27.72,57,84,7.47
205,Herat,AF,2022-05-06 05:21:51,34.5,62.0,81.55,15,17,8.21
206,Sidi Ali,DZ,2022-05-06 05:21:51,36.0998,0.4206,54.21,90,4,5.53
207,Bathsheba,BB,2022-05-06 05:21:52,13.2167,-59.5167,79.41,78,40,16.11
208,Cachira,CO,2022-05-06 05:21:52,7.741,-73.0483,57.31,95,100,0.65
209,Flinders,AU,2022-05-06 05:21:53,-34.5833,150.8552,69.19,41,0,8.99
210,Padang,ID,2022-05-06 05:21:53,-0.9492,100.3543,80.65,80,100,5.01
211,Shatura,RU,2022-05-06 05:17:45,55.5725,39.5368,45.81,49,54,8.43
212,Lavrentiya,RU,2022-05-06 05:21:54,65.5833,-171.0,23.97,85,15,2.04
213,Warri,NG,2022-05-06 05:21:54,5.5167,5.75,74.68,97,100,11.05
214,Annau,TM,2022-05-06 05:21:55,37.8876,58.516,81.9,51,63,4.61
215,Laguna,US,2022-05-06 05:21:56,38.421,-121.4238,64.44,73,0,8.05
216,Klaksvik,FO,2022-05-06 05:21:56,62.2266,-6.589,45.52,85,95,22.26
217,Saldanha,ZA,2022-05-06 05:21:57,-33.0117,17.9442,55.45,88,86,1.16
218,Grand Gaube,MU,2022-05-06 05:21:57,-20.0064,57.6608,79.2,88,76,7.0
219,Semey,KZ,2022-05-06 05:20:27,50.4111,80.2275,70.02,26,0,6.71
220,Mitsamiouli,KM,2022-05-06 05:21:58,-11.3847,43.2844,82.69,65,20,2.3
221,Anadyr,RU,2022-05-06 05:21:58,64.75,177.4833,36.1,75,0,8.95
222,Camacari,BR,2022-05-06 05:18:01,-12.6975,-38.3242,80.37,86,8,3.96
223,Mangrol,IN,2022-05-06 05:21:59,21.1167,70.1167,87.76,52,0,10.65
224,Haradok,BY,2022-05-06 05:21:59,55.4624,29.9816,44.71,65,54,7.52
225,Baie-Comeau,CA,2022-05-06 05:19:43,49.2168,-68.1489,35.28,64,100,8.05
226,Hambantota,LK,2022-05-06 05:22:00,6.1241,81.1185,87.69,66,70,18.28
227,Kontagora,NG,2022-05-06 05:22:00,10.3999,5.4695,76.75,75,100,3.22
228,Gorontalo,ID,2022-05-06 05:23:01,0.5412,123.0595,86.18,78,78,1.95
229,Kirakira,SB,2022-05-06 05:23:01,-10.4544,161.9205,84.63,72,52,7.72
230,Turayf,SA,2022-05-06 05:23:02,31.6725,38.6637,53.85,87,40,9.22
231,Buzmeyin,TM,2022-05-06 05:23:02,38.0507,58.2056,82.13,51,78,4.61
232,Ancud,CL,2022-05-06 05:23:03,-41.8697,-73.8203,53.04,89,96,6.22
233,Nishihara,JP,2022-05-06 05:23:03,26.1842,127.7558,76.68,94,100,10.36
234,Omsukchan,RU,2022-05-06 05:23:04,62.5333,155.8,32.11,96,100,10.11
235,Plettenberg Bay,ZA,2022-05-06 05:23:04,-34.0527,23.3716,59.27,90,10,6.4
236,Airai,TL,2022-05-06 05:23:05,-8.9266,125.4092,70.81,72,73,3.71
237,Muros,ES,2022-05-06 05:23:05,42.7762,-9.0603,53.83,81,16,10.69
238,Borazjan,IR,2022-05-06 05:23:06,29.2666,51.2159,94.39,15,100,16.15
239,Mar Del Plata,AR,2022-05-06 05:23:06,-38.0023,-57.5575,57.87,76,0,8.05
240,Carnot,CF,2022-05-06 05:23:07,4.9409,15.8665,68.29,97,99,0.98
241,Dunedin,NZ,2022-05-06 05:23:07,-45.8742,170.5036,60.8,64,100,4.0
242,North Battleford,CA,2022-05-06 05:23:08,52.7834,-108.2847,66.29,32,100,14.97
243,Pacifica,US,2022-05-06 05:23:08,37.6138,-122.4869,59.65,91,100,5.75
244,Tiksi,RU,2022-05-06 05:23:09,71.6872,128.8694,24.58,80,25,7.61
245,Yulara,AU,2022-05-06 05:23:09,-25.2406,130.9889,64.24,27,75,12.66
246,Tilichiki,RU,2022-05-06 05:23:10,60.4667,166.1,31.57,90,100,4.81
247,Vila Franca Do Campo,PT,2022-05-06 05:23:10,37.7167,-25.4333,66.2,87,100,14.63
248,Lircay,PE,2022-05-06 05:23:11,-12.9896,-74.7205,42.53,96,25,1.36
249,Te Anau,NZ,2022-05-06 05:23:11,-45.4167,167.7167,59.22,82,100,2.37
250,Kaili,ID,2022-05-06 05:23:12,-3.4626,120.2147,78.49,76,81,3.89
251,Iquitos,PE,2022-05-06 05:23:12,-3.7481,-73.2472,73.44,94,75,3.44
252,Guarapari,BR,2022-05-06 05:23:13,-20.6667,-40.4975,72.68,92,40,10.76
253,Batemans Bay,AU,2022-05-06 05:23:13,-35.7167,150.1833,61.11,39,0,10.74
254,Baykit,RU,2022-05-06 05:23:14,61.67,96.37,52.32,51,74,6.4
255,Moose Factory,CA,2022-05-06 05:23:14,51.2585,-80.6094,26.6,80,100,5.75
256,Nadym,RU,2022-05-06 05:23:15,65.5333,72.5167,24.49,69,85,5.41
257,Lander,US,2022-05-06 05:23:15,42.833,-108.7307,59.81,35,0,8.05
258,Ponta Do Sol,PT,2022-05-06 05:23:16,32.6667,-17.1,64.0,70,100,2.86
259,Sept-Iles,CA,2022-05-06 05:22:22,50.2001,-66.3821,36.05,66,75,6.91
260,Pointe Michel,DM,2022-05-06 05:23:17,15.25,-61.3833,79.16,76,71,11.14
261,Mpulungu,ZM,2022-05-06 05:23:17,-8.7623,31.1141,69.87,79,82,5.73
262,Karratha,AU,2022-05-06 05:23:18,-20.7377,116.8463,86.7,28,0,17.85
263,Port Hedland,AU,2022-05-06 05:19:27,-20.3167,118.5667,89.65,27,0,10.36
264,Nizhniy Baskunchak,RU,2022-05-06 05:23:18,48.2198,46.8311,47.98,37,100,24.43
265,Kungurtug,RU,2022-05-06 05:23:19,50.5994,97.5228,59.38,26,96,1.28
266,Hovelhof,DE,2022-05-06 05:23:19,51.8167,8.65,51.39,79,91,2.21
267,Musoma,TZ,2022-05-06 05:23:20,-1.5,33.8,66.79,84,49,7.58
268,Shimoda,JP,2022-05-06 05:23:20,34.6667,138.95,70.16,70,100,6.87
269,Thompson,CA,2022-05-06 05:23:21,55.7435,-97.8558,41.16,75,75,4.61
270,Napierville,CA,2022-05-06 05:23:21,45.1865,-73.4047,51.78,63,100,1.14
271,Verkhoyansk,RU,2022-05-06 05:23:22,67.5447,133.385,31.14,82,100,2.93
272,Naze,JP,2022-05-06 05:23:22,28.3667,129.4833,76.12,92,100,17.65
273,Kavieng,PG,2022-05-06 05:23:14,-2.5744,150.7967,84.24,76,71,12.91
274,Oranjemund,NA,2022-05-06 05:23:23,-28.55,16.4333,54.64,98,16,3.44
275,Nadvoitsy,RU,2022-05-06 05:23:23,63.8667,34.3167,40.84,86,100,10.27
276,Vega De Alatorre,MX,2022-05-06 05:24:24,20.0333,-96.6333,80.42,84,100,8.95
277,West Fargo,US,2022-05-06 05:24:24,46.875,-96.9004,51.03,75,0,4.61
278,Ust-Maya,RU,2022-05-06 05:24:25,60.4167,134.5333,42.48,58,93,6.51
279,Udgir,IN,2022-05-06 05:24:25,18.3833,77.1167,97.03,16,8,9.31
280,Alofi,NU,2022-05-06 05:24:26,-19.0595,-169.9187,78.69,78,23,2.3
281,Mudigere,IN,2022-05-06 05:24:26,13.1333,75.6333,82.96,55,74,3.13
282,Mahebourg,MU,2022-05-06 05:24:27,-20.4081,57.7,79.09,78,75,17.27
283,Pangnirtung,CA,2022-05-06 05:24:27,66.1451,-65.7125,9.1,89,34,6.13
284,Araguaina,BR,2022-05-06 05:24:28,-7.1911,-48.2072,73.44,89,39,1.7
285,Vigrestad,NO,2022-05-06 05:24:28,58.5667,5.7,49.82,90,99,8.61
286,Palmerston,AU,2022-05-06 05:24:29,-12.486,130.9833,89.92,56,40,12.66
287,Hofn,IS,2022-05-06 05:24:29,64.2539,-15.2082,38.57,56,0,14.12
288,Bambanglipuro,ID,2022-05-06 05:24:30,-7.95,110.2833,85.19,73,51,11.59
289,Eyrarbakki,IS,2022-05-06 05:24:30,63.863,-21.1481,35.2,76,8,12.21
290,Manicore,BR,2022-05-06 05:24:31,-5.8092,-61.3003,72.25,99,34,1.5
291,Soyo,AO,2022-05-06 05:24:31,-6.1349,12.3689,76.42,88,72,3.49
292,Boa Vista,BR,2022-05-06 05:24:32,2.8197,-60.6733,76.98,88,40,2.3
293,Glushkovo,RU,2022-05-06 05:24:32,51.3392,34.6328,45.77,63,12,7.38
294,Constitucion,CL,2022-05-06 05:24:33,-35.3333,-72.4167,54.68,89,0,6.82
295,Mattru,SL,2022-05-06 05:24:33,7.6244,-11.8332,74.39,89,100,3.15
296,Ginda,IN,2022-05-06 05:24:33,30.6945,78.4932,77.56,30,28,6.55
297,Setermoen,NO,2022-05-06 05:22:17,68.861,18.3486,40.96,98,100,6.29
298,Neuquen,AR,2022-05-06 05:24:34,-38.9516,-68.0591,48.09,76,0,2.3
299,Muroto,JP,2022-05-06 05:24:35,33.2833,134.15,68.02,71,85,14.63
300,Taltal,CL,2022-05-06 05:24:35,-25.4,-70.4833,61.48,84,100,1.88
301,Sao Filipe,CV,2022-05-06 05:24:36,14.8961,-24.4956,71.53,82,20,3.94
302,Longmont,US,2022-05-06 05:22:45,40.1672,-105.1019,58.71,62,0,3.44
303,Chinhoyi,ZW,2022-05-06 05:24:37,-17.3667,30.2,59.32,78,10,3.15
304,Bethel,US,2022-05-06 05:24:37,41.3712,-73.414,56.91,66,0,0.0
305,Kavaratti,IN,2022-05-06 05:22:56,10.5669,72.642,85.14,70,100,13.15
306,Christchurch,NZ,2022-05-06 05:20:13,-43.5333,172.6333,60.42,86,2,6.91
307,Pemangkat,ID,2022-05-06 05:24:38,1.1667,108.9667,87.19,66,61,8.43
308,Loa Janan,ID,2022-05-06 05:24:38,-0.583,117.095,89.06,64,44,3.18
309,Isla Vista,US,2022-05-06 05:24:39,34.4133,-119.861,60.82,63,0,0.0
310,Tivaouane,SN,2022-05-06 05:24:39,14.9515,-16.8129,71.94,62,0,13.0
311,Ostrovnoy,RU,2022-05-06 05:24:40,68.0531,39.5131,32.05,89,86,21.47
312,Corinto,GR,2022-05-06 05:24:40,37.9407,22.9573,63.9,75,5,1.97
313,Ashland,US,2022-05-06 05:23:59,40.8167,-82.2665,52.88,96,100,10.98
314,Kabo,CF,2022-05-06 05:24:44,7.6994,18.629,71.64,89,93,3.22
315,North Myrtle Beach,US,2022-05-06 05:24:44,33.816,-78.68,73.45,94,100,5.75
316,Namatanai,PG,2022-05-06 05:24:45,-3.6667,152.4333,83.23,79,62,9.86
317,Kodarma,IN,2022-05-06 05:24:49,24.4667,85.6,98.69,22,0,4.03
318,Preobrazheniye,RU,2022-05-06 05:24:50,42.9019,133.9064,57.72,68,100,12.3
319,Soma,TR,2022-05-06 05:25:50,39.1855,27.6094,52.75,75,1,7.25
320,Abbeville,FR,2022-05-06 05:25:51,50.1,1.8333,46.49,89,16,1.34
321,Nouadhibou,MR,2022-05-06 05:25:51,20.931,-17.0347,62.58,88,22,12.66
322,Rovinj,HR,2022-05-06 05:25:52,45.08,13.64,57.02,89,100,8.84
323,Kendari,ID,2022-05-06 05:25:52,-3.945,122.4989,84.22,80,43,3.02
324,Tura,IN,2022-05-06 05:25:53,25.5198,90.2201,85.98,53,71,2.73
325,Rio Gallegos,AR,2022-05-06 05:25:53,-51.6226,-69.2181,39.25,65,0,17.27
326,Maningrida,AU,2022-05-06 05:25:54,-12.0667,134.2667,86.97,58,41,14.07
327,Brookings,US,2022-05-06 05:22:54,44.3114,-96.7984,52.14,88,100,8.05
328,Bima,ID,2022-05-06 05:25:54,-8.4667,118.7167,89.89,62,36,3.74
329,Bengkulu,ID,2022-05-06 05:23:18,-3.8004,102.2655,85.32,65,66,6.06
330,Humberto De Campos,BR,2022-05-06 05:25:55,-2.5983,-43.4611,75.06,93,94,3.2
331,Aklavik,CA,2022-05-06 05:25:55,68.2191,-135.0107,27.19,85,100,10.8
332,Whitefish,US,2022-05-06 05:25:56,48.4111,-114.3376,51.01,76,75,6.91
333,Faanui,PF,2022-05-06 05:25:56,-16.4833,-151.75,81.54,72,67,7.76
334,Sorland,NO,2022-05-06 05:25:57,67.667,12.6934,42.13,94,100,38.83
335,Malumfashi,NG,2022-05-06 05:25:58,11.7853,7.6218,78.57,59,100,11.27
336,Houma,US,2022-05-06 05:25:58,29.5958,-90.7195,80.6,89,100,14.97
337,Tres Passos,BR,2022-05-06 05:25:58,-27.4556,-53.9319,51.03,93,0,4.23
338,Sanandrei,RO,2022-05-06 05:25:59,45.8531,21.1681,55.54,85,0,8.05
339,Xuddur,SO,2022-05-06 05:25:59,4.1213,43.8894,78.17,71,4,16.26
340,Qui Nhon,VN,2022-05-06 05:26:00,13.7667,109.2333,82.17,79,82,9.31
341,Baharampur,IN,2022-05-06 05:26:00,24.1,88.25,91.8,43,3,3.96
342,Mumford,GH,2022-05-06 05:26:01,5.2618,-0.759,79.77,84,100,3.33
343,Magadan,RU,2022-05-06 05:26:01,59.5667,150.8,34.54,97,100,8.46
344,Bellview,US,2022-05-06 05:26:02,30.4616,-87.315,78.89,90,20,9.22
345,Esna,EG,2022-05-06 05:26:02,25.2934,32.554,70.92,27,0,16.46
346,Tamandare,BR,2022-05-06 05:26:03,-8.7597,-35.1047,77.56,83,100,8.25
347,Luderitz,NA,2022-05-06 05:26:04,-26.6481,15.1594,57.56,88,1,10.16
348,Raudeberg,NO,2022-05-06 05:26:04,61.9875,5.1352,48.87,87,100,20.51
349,Hede,CN,2022-05-06 05:26:04,33.7681,120.2517,80.53,44,3,12.64
350,Warragul,AU,2022-05-06 05:26:05,-38.1667,145.9333,56.95,58,65,5.01
351,Pakokku,MM,2022-05-06 05:26:05,21.3333,95.1,93.76,37,19,7.52
352,Tete,MZ,2022-05-06 05:26:06,-16.1564,33.5867,62.69,100,0,0.0
353,Dondo,MZ,2022-05-06 05:26:06,-19.6094,34.7431,67.51,87,1,3.56
354,Quatre Cocos,MU,2022-05-06 05:26:07,-20.2078,57.7625,78.91,78,73,22.37
355,Takoradi,GH,2022-05-06 05:26:07,4.8845,-1.7554,79.03,87,100,2.42
356,Bowen,AU,2022-05-06 05:26:08,-20.0167,148.2333,79.23,76,80,11.18
357,Jumla,NP,2022-05-06 05:26:08,29.2747,82.1838,65.91,53,52,6.67
358,Koumac,NC,2022-05-06 05:26:09,-20.5667,164.2833,77.7,75,40,6.87
359,Chimbote,PE,2022-05-06 05:26:09,-9.0853,-78.5783,63.7,91,84,7.38
360,Basco,PH,2022-05-06 05:26:10,20.4487,121.9702,83.14,75,13,8.23
361,Lata,PT,2022-05-06 05:26:11,40.1629,-8.3327,54.07,83,1,3.53
362,Marsa Matruh,EG,2022-05-06 05:26:11,31.3525,27.2453,64.09,65,0,12.21
363,Tres Arroyos,AR,2022-05-06 05:26:11,-38.3739,-60.2798,55.99,62,98,11.86
364,Bom Jesus,BR,2022-05-06 05:27:12,-9.0744,-44.3586,71.46,63,29,1.74
365,Derbent,RU,2022-05-06 05:27:12,42.0678,48.2899,61.68,67,6,2.3
366,Carauari,BR,2022-05-06 05:27:13,-4.8828,-66.8958,71.87,99,94,1.97
367,College,US,2022-05-06 05:27:13,64.8569,-147.8028,46.72,77,75,4.61
368,Tucurui,BR,2022-05-06 05:25:45,-3.7661,-49.6725,73.13,97,59,2.42
369,Cabo Rojo,PR,2022-05-06 05:27:14,18.0866,-67.1457,76.96,89,80,7.67
370,Batagay-Alyta,RU,2022-05-06 05:27:15,67.8006,130.4114,27.54,77,38,3.4
371,Hit,IQ,2022-05-06 05:27:15,33.6416,42.8251,70.09,43,0,18.01
372,Flin Flon,CA,2022-05-06 05:27:16,54.7682,-101.865,38.95,100,100,7.76
373,Tahta,EG,2022-05-06 05:27:16,26.7693,31.5021,64.35,43,0,14.81
374,Port-Cartier,CA,2022-05-06 05:27:17,50.0334,-66.8654,35.74,82,100,10.33
375,Mbandaka,CD,2022-05-06 05:27:17,0.0487,18.2603,70.74,96,100,3.51
376,Ibaiti,BR,2022-05-06 05:27:18,-23.8486,-50.1878,53.15,97,15,2.24
377,Kaeo,NZ,2022-05-06 05:27:18,-35.1,173.7833,65.32,75,1,9.1
378,Yakeshi,CN,2022-05-06 05:27:19,49.2833,120.7333,45.3,26,60,21.59
379,Korla,CN,2022-05-06 05:27:19,41.7597,86.1469,82.6,21,100,8.21
380,Puerto Carreno,CO,2022-05-06 05:27:20,6.189,-67.4859,76.84,90,100,6.08
381,Sumbe,AO,2022-05-06 05:27:20,-11.2061,13.8437,77.0,73,98,2.57
382,Agadez,NE,2022-05-06 05:27:21,19.75,10.25,83.14,16,30,3.65
383,Matagami,CA,2022-05-06 05:27:21,49.7502,-77.6328,24.91,80,0,4.61
384,Asau,RO,2022-05-06 05:27:22,46.4333,26.4,45.52,64,33,1.57
385,Alice Springs,AU,2022-05-06 05:26:37,-23.7,133.8833,69.22,32,41,12.66
386,San Juan De Los Morros,VE,2022-05-06 05:27:22,9.9115,-67.3538,74.62,79,85,1.36
387,Palu,ID,2022-05-06 05:27:23,-0.8917,119.8707,90.7,62,74,3.27
388,Leningradskiy,RU,2022-05-06 05:27:23,69.3833,178.4167,23.14,91,85,5.57
389,Voh,NC,2022-05-06 05:27:24,-20.9667,164.7,79.48,69,6,8.59
390,Calvinia,ZA,2022-05-06 05:27:24,-31.4707,19.776,55.13,48,0,4.09
391,Longyearbyen,SJ,2022-05-06 05:24:39,78.2186,15.6401,24.64,63,40,8.05
392,Lalmohan,BD,2022-05-06 05:27:25,22.3384,90.7419,87.28,58,7,3.71
393,Borogontsy,RU,2022-05-06 05:27:25,62.6683,131.1683,39.6,65,33,10.11
394,Muisne,EC,2022-05-06 05:27:26,0.6,-80.0333,75.2,84,100,1.68
395,Qaqortoq,GL,2022-05-06 05:27:26,60.7167,-46.0333,34.7,94,100,14.03
396,Avera,US,2022-05-06 05:27:27,33.194,-82.5271,69.55,72,92,5.84
397,Dukat,RU,2022-05-06 05:27:27,62.55,155.55,31.96,89,100,12.08
398,Novosheshminsk,RU,2022-05-06 05:27:28,55.0651,51.2338,41.59,46,0,10.63
399,Lethem,GY,2022-05-06 05:27:28,3.3803,-59.7968,75.2,89,78,7.9
400,Sao Gabriel Da Cachoeira,BR,2022-05-06 05:27:29,-0.1303,-67.0892,71.78,99,88,1.68
401,Panzhihua,CN,2022-05-06 05:27:29,26.5851,101.7128,83.61,40,47,0.83
402,Najran,SA,2022-05-06 05:27:30,17.4924,44.1277,83.05,25,3,4.83
403,Itamaraju,BR,2022-05-06 05:27:30,-17.0392,-39.5311,71.74,98,18,3.4
404,Eureka,US,2022-05-06 05:27:31,40.8021,-124.1637,58.93,81,100,1.01
405,Coari,BR,2022-05-06 05:27:31,-4.085,-63.1414,72.84,99,33,1.79
406,Osypenko,UA,2022-05-06 05:27:32,46.9136,36.8253,51.71,55,100,17.36
407,Mahajanga,MG,2022-05-06 05:27:32,-15.7167,46.3167,78.82,65,20,5.75
408,Portland,US,2022-05-06 05:24:11,45.5234,-122.6762,53.64,83,100,4.0
409,Pangoa,PE,2022-05-06 05:27:33,-12.1167,-73.0,64.92,92,13,1.72
410,Codrington,AU,2022-05-06 05:27:33,-38.2667,141.9667,54.93,71,98,11.65
411,Port Blair,IN,2022-05-06 05:28:34,11.6667,92.75,82.44,83,75,6.91
412,Gushikawa,JP,2022-05-06 05:28:34,26.3544,127.8686,76.62,91,100,10.36
413,Hakkari,TR,2022-05-06 05:28:35,37.5833,44.1667,51.58,62,40,11.5
414,Aiken,US,2022-05-06 05:27:20,33.5835,-81.5998,75.49,71,40,5.75
415,San Patricio,US,2022-05-06 05:28:35,28.017,-97.5169,81.9,93,26,5.5
416,Male,MV,2022-05-06 05:28:03,4.1748,73.5089,87.75,74,75,13.8
417,Zabid,YE,2022-05-06 05:28:36,14.1951,43.3152,89.74,47,33,6.96
418,Lubao,PH,2022-05-06 05:28:37,14.9167,120.55,96.87,37,17,10.27
419,Port-Gentil,GA,2022-05-06 05:28:37,-0.7193,8.7815,80.56,89,75,4.61
420,Oranjestad,AW,2022-05-06 05:28:37,12.524,-70.027,80.55,83,20,20.71
421,Ranong,TH,2022-05-06 05:28:38,9.9658,98.6348,84.13,77,88,2.93
422,Cangzhou,CN,2022-05-06 05:28:38,38.3167,116.8667,62.96,48,96,24.0
423,Lenger,KZ,2022-05-06 05:28:39,42.183,69.8839,74.64,53,99,4.18
424,Kamenka,RU,2022-05-06 05:28:39,51.3223,42.7678,45.3,48,27,6.24
425,Zalantun,CN,2022-05-06 05:28:40,48.0,122.7167,53.94,16,98,21.3
426,Sabla,NG,2022-05-06 05:28:40,12.7525,4.7077,85.69,43,100,9.1
427,Tucumcari,US,2022-05-06 05:28:41,35.1717,-103.725,62.94,20,0,11.5
428,Polunochnoye,RU,2022-05-06 05:28:41,60.8697,60.4153,36.66,52,68,11.12
429,Chuy,UY,2022-05-06 05:28:42,-33.6971,-53.4616,53.56,90,25,4.65
430,Dong Hoi,VN,2022-05-06 05:28:42,17.4833,106.6,78.64,84,100,7.07
431,Kanniyakumari,IN,2022-05-06 05:28:43,8.0833,77.5667,86.56,72,88,16.22
432,Asasa,ET,2022-05-06 05:28:43,7.1,39.2,60.87,50,6,4.63
433,Oistins,BB,2022-05-06 05:25:52,13.0667,-59.5333,78.89,78,40,16.11
434,Sehithwa,BW,2022-05-06 05:28:44,-20.4667,22.7167,57.16,51,0,5.12
435,Nang Rong,TH,2022-05-06 05:28:44,14.6377,102.7914,87.82,59,96,9.48
436,Poum,NC,2022-05-06 05:28:45,-20.2333,164.0167,77.85,74,22,5.91
437,Byron Bay,AU,2022-05-06 05:25:14,-28.65,153.6167,71.94,90,100,2.57
438,Sambava,MG,2022-05-06 05:28:45,-14.2667,50.1667,77.76,73,16,9.01
439,Crowley,US,2022-05-06 05:28:46,30.2141,-92.3746,67.1,91,75,3.98
440,Burnie,AU,2022-05-06 05:28:46,-41.0667,145.9167,52.95,74,100,7.27
441,Porto Velho,BR,2022-05-06 05:28:47,-8.7619,-63.9039,73.45,94,0,1.14
442,Touros,BR,2022-05-06 05:28:47,-5.1989,-35.4608,75.81,93,100,9.91
443,Faya,SA,2022-05-06 05:28:48,18.3851,42.4509,71.71,33,58,2.59
444,Galveston,US,2022-05-06 05:28:48,29.3669,-94.9669,75.16,94,100,3.44
445,Ngunguru,NZ,2022-05-06 05:28:49,-35.6167,174.5,63.75,70,5,8.57
446,Jibuti,DJ,2022-05-06 05:28:49,11.5,42.5,83.05,46,17,9.15
447,Coihaique,CL,2022-05-06 05:28:50,-45.5752,-72.0662,45.21,75,20,1.14
448,Sokoto,NG,2022-05-06 05:28:50,13.0609,5.239,85.1,44,100,9.28
449,Kuliyapitiya,LK,2022-05-06 05:28:51,7.4688,80.0401,86.54,68,83,6.55
450,Kargasok,RU,2022-05-06 05:28:51,59.0556,80.8572,62.35,29,54,16.06
451,Hithadhoo,MV,2022-05-06 05:28:52,-0.6,73.0833,84.65,75,98,15.68
452,Porto Novo,BJ,2022-05-06 05:28:52,6.4965,2.6036,79.34,85,98,4.36
453,Heihe,CN,2022-05-06 05:28:53,50.2441,127.4902,55.98,21,100,19.1
454,Galeana,MX,2022-05-06 05:28:53,24.8333,-100.0667,64.44,81,23,2.68
455,Kidal,ML,2022-05-06 05:28:54,18.4411,1.4078,88.32,18,100,12.24
456,Igrim,RU,2022-05-06 05:28:54,63.1906,64.4162,34.56,67,91,4.99
457,Gigmoto,PH,2022-05-06 05:28:55,13.7796,124.39,86.7,69,45,8.81
458,Butembo,CD,2022-05-06 05:28:55,0.15,29.2833,61.0,84,80,2.3
459,Zalesovo,RU,2022-05-06 05:29:56,53.9939,84.7431,63.09,27,46,6.13
460,Silver City,US,2022-05-06 05:29:56,32.7701,-108.2803,61.66,19,0,11.5
461,Uusikaupunki,FI,2022-05-06 05:29:57,60.8004,21.4084,43.56,85,63,2.48
462,Tautira,PF,2022-05-06 05:29:57,-17.7333,-149.15,81.63,77,30,9.8
463,Fairhope,US,2022-05-06 05:29:58,30.523,-87.9033,78.55,69,100,10.36
464,Axim,GH,2022-05-06 05:29:58,4.8699,-2.2405,79.47,85,99,1.79
465,Toora-Khem,RU,2022-05-06 05:29:59,52.4675,96.11,63.64,24,45,3.31
466,Paamiut,GL,2022-05-06 05:29:59,61.994,-49.6678,32.2,96,100,8.19
467,Manuk Mangkaw,PH,2022-05-06 05:29:59,4.8,119.85,83.25,78,98,9.13
468,Nabire,ID,2022-05-06 05:25:07,-3.3667,135.4833,84.79,76,60,5.82
469,Katsuura,JP,2022-05-06 05:27:30,35.1333,140.3,67.03,70,100,8.57
470,Bitung,ID,2022-05-06 05:30:00,1.4451,125.1824,85.05,77,100,10.94
471,Mastic,US,2022-05-06 05:28:12,40.802,-72.8409,55.92,80,0,7.0
472,Siderno,IT,2022-05-06 05:30:01,38.2779,16.302,65.34,80,67,10.67
473,Lapua,FI,2022-05-06 05:30:02,62.9693,23.0088,48.11,59,59,6.44
474,Vypolzovo,RU,2022-05-06 05:30:03,57.8767,33.6986,49.5,52,89,7.67
475,Natal,BR,2022-05-06 05:30:04,-5.795,-35.2094,75.85,100,75,9.22
476,Ahipara,NZ,2022-05-06 05:30:04,-35.1667,173.1667,62.11,77,2,5.88
477,Shakawe,BW,2022-05-06 05:30:05,-18.3667,21.85,60.89,49,8,4.09
478,Vila Velha,BR,2022-05-06 05:30:06,-20.3297,-40.2925,75.15,100,75,5.75
479,Verkhnetulomskiy,RU,2022-05-06 05:30:06,68.6073,31.7962,39.33,83,100,8.05
480,Gweta,BW,2022-05-06 05:30:07,-20.1833,25.2333,64.96,49,2,10.96
481,Antalaha,MG,2022-05-06 05:30:08,-14.9003,50.2788,81.01,68,21,6.89
482,Hamilton,US,2022-05-06 05:28:00,39.1834,-84.5333,58.62,96,100,8.05
483,Fare,PF,2022-05-06 05:30:08,-16.7,-151.0167,81.64,75,96,8.59
484,Orlik,RU,2022-05-06 05:30:09,52.5178,99.825,55.09,26,55,9.8
485,Tooele,US,2022-05-06 05:30:10,40.5308,-112.2983,63.52,34,0,12.66
486,Emba,KZ,2022-05-06 05:30:10,48.8264,58.1442,53.35,38,95,14.45
487,San Cristobal,VE,2022-05-06 05:30:11,7.7669,-72.225,73.58,85,100,2.35
488,Miri,MY,2022-05-06 05:30:11,4.4148,114.0089,87.94,79,40,6.91
489,Bayan,CN,2022-05-06 05:30:12,46.0833,127.4,52.34,56,97,16.93
490,Beyneu,KZ,2022-05-06 05:30:12,45.3167,55.2,67.08,34,97,16.44
491,Sitka,US,2022-05-06 05:30:13,57.0531,-135.33,42.69,81,75,0.0
492,Inhambane,MZ,2022-05-06 05:30:13,-23.865,35.3833,71.58,83,40,0.0
493,Dongying,CN,2022-05-06 05:30:14,37.4564,118.4856,64.04,47,65,24.11
494,Almaznyy,RU,2022-05-06 05:30:14,48.0448,40.045,48.0,49,100,16.62
495,Chkalovskoye,RU,2022-05-06 05:30:15,44.8392,133.0436,56.26,60,100,11.83
496,Kangaba,ML,2022-05-06 05:30:15,11.9333,-8.4167,82.78,48,79,4.07
497,Tuensang,IN,2022-05-06 05:30:16,26.2833,94.8333,79.48,61,19,1.61
498,Teresina,BR,2022-05-06 05:30:18,-5.0892,-42.8019,74.91,94,0,2.3
499,Moyale,KE,2022-05-06 05:30:19,3.5167,39.0584,70.0,84,33,10.78
500,Evensk,RU,2022-05-06 05:30:19,61.95,159.2333,30.96,98,100,17.63
501,West Calder,GB,2022-05-06 05:30:20,55.8519,-3.5698,53.11,94,75,14.97
502,Robertsport,LR,2022-05-06 05:30:20,6.7533,-11.3686,77.97,86,100,14.63
503,Muravlenko,RU,2022-05-06 05:30:21,63.7898,74.523,25.72,83,100,17.87
504,Ruwi,OM,2022-05-06 05:31:21,23.5996,58.5507,92.89,44,0,11.77
505,Nemuro,JP,2022-05-06 05:31:22,43.3236,145.575,47.64,79,59,15.75
506,Caravelas,BR,2022-05-06 05:31:22,-17.7125,-39.2481,77.13,86,0,8.08
507,Tiarei,PF,2022-05-06 05:31:23,-17.5333,-149.3333,78.01,78,22,9.66
508,Mananara,MG,2022-05-06 05:31:23,-16.1667,49.7667,79.02,74,39,4.25
509,Yerbogachen,RU,2022-05-06 05:31:24,61.2767,108.0108,49.93,52,62,12.66
510,Lososina,RU,2022-05-06 05:31:24,48.9975,140.3106,52.97,66,100,14.58
511,Seymchan,RU,2022-05-06 05:31:25,62.8833,152.4333,40.73,54,52,17.49
512,Gayny,RU,2022-05-06 05:31:25,60.3071,54.3241,37.02,49,44,10.38
513,Priyutnoye,RU,2022-05-06 05:31:26,46.1011,43.5072,45.77,84,100,17.11
514,Husavik,IS,2022-05-06 05:31:26,66.0449,-17.3389,30.9,86,100,19.71
515,Walvis Bay,NA,2022-05-06 05:31:27,-22.9575,14.5053,62.33,72,0,10.8
516,Nikki,BJ,2022-05-06 05:31:27,9.9401,3.2108,74.66,80,96,4.45
517,Arawa,PG,2022-05-06 05:31:28,-6.2132,155.5367,82.47,85,77,5.44
518,Laranjeiras Do Sul,BR,2022-05-06 05:31:28,-25.4078,-52.4161,49.28,97,3,2.39
519,Roma,US,2022-05-06 05:31:29,43.2128,-75.4557,48.87,82,0,0.0
520,Havre-Saint-Pierre,CA,2022-05-06 05:31:29,50.2334,-63.5986,35.96,60,100,5.75
521,Peniche,PT,2022-05-06 05:31:30,39.3558,-9.3811,56.28,94,5,3.18
522,Vanderhoof,CA,2022-05-06 05:31:30,54.0166,-124.0198,38.34,97,100,3.78
523,Kotma,IN,2022-05-06 05:31:31,23.2,81.9667,102.07,12,1,5.7
524,Orito,CO,2022-05-06 05:31:31,0.6766,-76.8771,69.08,97,100,2.39
525,Kieta,PG,2022-05-06 05:31:32,-6.2167,155.6333,83.17,79,69,7.05
526,Puerto Escondido,MX,2022-05-06 05:31:32,15.85,-97.0667,80.4,67,6,5.1
527,Petrovsk,RU,2022-05-06 05:31:33,52.3064,45.3917,44.31,43,1,7.58
528,Yumen,CN,2022-05-06 05:31:33,40.2833,97.2,75.81,16,90,33.02
529,Bosaso,SO,2022-05-06 05:31:34,11.2842,49.1816,85.98,84,0,11.5
530,Cockburn Town,TC,2022-05-06 05:29:16,21.4612,-71.1419,77.77,78,7,16.06
531,Kaduy,RU,2022-05-06 05:31:34,59.2,37.15,48.67,46,57,7.36
532,Kadirli,TR,2022-05-06 05:31:35,37.3739,36.0961,63.05,46,4,8.32
533,Banda Aceh,ID,2022-05-06 05:31:35,5.5577,95.3222,81.5,81,100,9.86
534,Kansanshi,ZM,2022-05-06 05:31:36,-12.0951,26.4273,60.26,78,67,6.35
535,Avanigadda,IN,2022-05-06 05:31:36,16.0215,80.9181,99.32,37,43,9.84
536,Kyra,RU,2022-05-06 05:31:37,49.5776,111.9753,50.41,16,4,9.06
537,Hovd,MN,2022-05-06 05:31:38,48.0056,91.6419,60.55,19,100,4.83
538,Keuruu,FI,2022-05-06 05:31:38,62.2667,24.7,44.8,69,66,4.59
539,Sagua La Grande,CU,2022-05-06 05:31:39,22.8067,-80.0756,74.39,86,0,5.26
540,Cruz Grande,MX,2022-05-06 05:31:39,16.7333,-99.1333,75.09,74,95,1.5
541,Mtambile,TZ,2022-05-06 05:27:16,-5.3833,39.7,78.4,81,28,15.32
542,Antofagasta,CL,2022-05-06 05:31:12,-23.65,-70.4,60.08,81,84,2.91
543,Fukue,JP,2022-05-06 05:31:40,32.6881,128.8419,77.36,61,20,10.36
544,Port Macquarie,AU,2022-05-06 05:31:40,-31.4333,152.9167,64.89,75,97,7.49
545,Bonthe,SL,2022-05-06 05:31:41,7.5264,-12.505,77.67,76,91,5.5
546,Gat,IL,2022-05-06 05:31:41,31.61,34.7642,65.08,100,57,15.23
547,Puerto Madero,MX,2022-05-06 05:31:42,14.7208,-92.4215,79.0,100,40,0.0
548,Izvestkovyy,RU,2022-05-06 05:31:42,48.9833,131.55,46.45,72,99,18.77
549,Herne Bay,GB,2022-05-06 05:31:43,51.373,1.1286,55.24,87,17,6.55
550,Mosetse,BW,2022-05-06 05:32:43,-20.75,26.65,63.77,51,0,5.91
551,Poya,NC,2022-05-06 05:32:44,-21.35,165.15,77.34,77,7,10.36
552,Ribeira Brava,PT,2022-05-06 05:32:45,32.65,-17.0667,64.0,70,100,2.46
553,Teixoso,PT,2022-05-06 05:32:45,40.3145,-7.4576,50.34,87,0,4.68
554,Half Moon Bay,US,2022-05-06 05:32:46,37.4636,-122.4286,60.01,88,100,5.75
555,Kolvereid,NO,2022-05-06 05:32:47,64.8655,11.6047,43.83,91,100,10.36
556,Diban,SY,2022-05-06 05:32:48,35.0365,40.5167,66.96,46,46,14.16
557,Rudraprayag,IN,2022-05-06 05:32:48,30.2833,78.9833,92.53,24,3,6.17
558,Mandera,KE,2022-05-06 05:31:27,3.9366,41.867,84.34,56,37,15.48
559,Talcahuano,CL,2022-05-06 05:32:49,-36.7167,-73.1167,51.48,100,100,6.91
560,Balykshi,KZ,2022-05-06 05:32:50,47.0667,51.8667,48.2,57,75,26.84
561,Catamarca,AR,2022-05-06 05:32:50,-28.4696,-65.7852,59.77,62,100,1.01
562,Sayyan,YE,2022-05-06 05:32:51,15.1718,44.3244,68.5,19,36,2.89
563,Raga,SS,2022-05-06 05:32:52,8.4596,25.678,84.02,53,97,3.78
564,Narok,KE,2022-05-06 05:30:23,-1.0783,35.8601,62.2,85,71,8.46
565,Guerrero Negro,MX,2022-05-06 05:32:52,27.9769,-114.0611,59.83,91,18,10.87
566,Mayo,US,2022-05-06 05:32:53,38.8876,-76.5119,60.96,91,0,1.99
567,Mamurras,AL,2022-05-06 05:32:54,41.5775,19.6922,55.54,82,75,4.61
568,Vieques,PR,2022-05-06 05:32:54,18.425,-65.8329,78.84,83,49,11.16
569,Wamba,NG,2022-05-06 05:32:54,8.9333,8.6,74.91,88,100,2.35
570,Nicoya,CR,2022-05-06 05:32:55,10.1483,-85.452,77.0,90,96,3.15
571,Pankrushikha,RU,2022-05-06 05:32:55,53.8319,80.3406,67.01,27,45,16.17
572,Port Shepstone,ZA,2022-05-06 05:32:56,-30.7414,30.455,67.44,53,0,6.33
573,Samarai,PG,2022-05-06 05:32:56,-10.6167,150.6667,83.84,74,69,10.63
574,Adrar,MR,2022-05-06 05:32:57,20.5022,-10.0711,72.75,19,2,10.63
575,Moron,AR,2022-05-06 05:32:58,-34.6534,-58.6198,60.96,92,2,4.81
576,Turtas,RU,2022-05-06 05:32:58,58.9417,69.1325,46.29,79,100,10.33
577,Camargo,MX,2022-05-06 05:32:58,27.6667,-105.1667,71.76,13,0,4.45
578,Tondano,ID,2022-05-06 05:32:59,1.3038,124.9112,77.09,84,97,3.33
579,Banikoara,BJ,2022-05-06 05:32:59,11.2985,2.4386,80.35,63,93,4.99
580,Lapy,PL,2022-05-06 05:33:00,52.9911,22.8842,55.26,76,100,8.52
581,Wasco,US,2022-05-06 05:33:00,35.5941,-119.341,75.74,37,0,4.61
582,Snyder,US,2022-05-06 05:33:01,32.7179,-100.9176,64.74,36,0,4.61
583,Sakakah,SA,2022-05-06 05:33:01,29.9697,40.2064,62.17,36,0,15.99
584,Verkhnyaya Inta,RU,2022-05-06 05:33:02,65.9811,60.3094,26.76,67,72,11.48
585,La Rochelle,FR,2022-05-06 05:33:02,46.1667,-1.15,50.07,93,0,6.91
586,Saint-Joseph,RE,2022-05-06 05:33:03,-21.3667,55.6167,79.18,78,39,16.08
587,Buraydah,SA,2022-05-06 05:33:03,26.326,43.975,82.85,18,0,10.29
588,Huntsville,US,2022-05-06 05:28:12,34.7304,-86.5861,69.67,95,100,8.05
589,Frankfort,ZA,2022-05-06 05:33:04,-27.2667,28.4833,53.35,49,0,1.1
590,Grindavik,IS,2022-05-06 05:33:05,63.8424,-22.4338,34.27,75,20,8.05
